	N_total	N_in	N_out	Ratio
0	100	80	20	0.8
1	200	153	47	0.765
2	150	122	28	0.8133333333333334
3	330	273	57	0.8272727272727273
4	500	393	107	0.786
5	1000	796	204	0.796
6	50	38	12	0.76
